item,calories,protein,carbs,fat,portion
roti,71,2.7,11.3,0.4,1 medium (40g)
white rice cooked,206,4.3,45.0,0.4,1 cup (158g)
brown rice cooked,218,4.5,45.8,1.6,1 cup (195g)
dal,104,6.6,13.9,1.7,1 cup (240g)
paneer,296,20.8,6.1,22.0,100g
poha,180,3.0,26.0,5.0,1 cup (150g)
idli,39,1.6,7.4,0.2,1 piece (30g)
plain dosa,133,2.7,18.0,5.8,1 dosa (60g)
masala dosa,220,5.0,30.0,9.0,1 dosa (120g)
sambar,105,5.4,12.0,4.0,1 cup (240g)
upma,190,3.4,30.0,7.0,1 cup (200g)
aloo paratha,240,6.0,38.0,8.0,1 paratha (100g)
paneer paratha,320,12.0,35.0,15.0,1 paratha (120g)
gobi paratha,235,5.5,36.0,8.5,1 paratha (100g)
rajma,230,8.7,33.0,5.5,1 cup (240g)
chole,280,10.0,32.0,12.0,1 cup (240g)
plain curd,98,3.9,4.7,5.0,1 cup (245g)
buttermilk,35,1.5,4.0,1.0,1 glass (240ml)
vegetable pulao,210,4.0,30.0,8.0,1 cup (200g)
chicken curry,300,25.0,6.0,20.0,1 cup (240g)
egg curry,220,14.0,6.0,15.0,1 cup (240g)
boiled egg,78,6.3,0.6,5.3,1 large egg (50g)
banana,105,1.3,27.0,0.3,1 medium (118g)
apple,95,0.5,25.0,0.3,1 medium (182g)
chapati whole wheat,80,3.1,15.0,0.5,1 medium (40g)
naan,262,7.6,45.0,5.2,1 naan (90g)
garlic naan,285,8.0,46.0,7.0,1 naan (95g)
vegetable biryani,240,5.0,38.0,8.0,1 cup (200g)
chicken biryani,320,18.0,38.0,12.0,1 cup (220g)
mutton biryani,380,20.0,40.0,16.0,1 cup (230g)
khichdi,170,5.0,28.0,4.5,1 cup (200g)
palak paneer,260,14.0,8.0,19.0,1 cup (240g)
butter chicken,350,24.0,8.0,25.0,1 cup (240g)
tandoori chicken,220,28.0,4.0,10.0,1 serving (150g)
medu vada,150,3.5,16.0,8.0,2 pieces (60g)
puri,112,2.3,13.5,5.8,1 puri (30g)
bhature,280,5.0,38.0,12.0,1 bhatura (100g)
vegetable pakora,180,4.0,18.0,10.0,4 pieces (100g)
onion pakora,165,3.5,20.0,8.0,4 pieces (90g)
samosa,252,4.5,30.0,13.0,1 samosa (80g)
aloo gobi,150,3.0,18.0,7.0,1 cup (200g)
baingan bharta,140,2.5,12.0,9.0,1 cup (200g)
raita,60,2.5,5.0,3.0,1/2 cup (120g)
sweet lassi,150,4.0,24.0,4.0,1 glass (240ml)
plain lassi,80,4.0,8.0,3.0,1 glass (240ml)
mango lassi,190,4.5,32.0,4.5,1 glass (240ml)
whole milk,149,7.7,11.7,8.0,1 cup (244ml)
low fat milk,102,8.2,12.2,2.4,1 cup (244ml)
skim milk,83,8.3,12.2,0.2,1 cup (244ml)
ghee,112,0.0,0.0,12.7,1 tbsp (14g)
chicken breast grilled,165,31.0,0.0,3.6,100g
chicken thigh grilled,209,26.0,0.0,10.9,100g
fish curry,180,20.0,5.0,9.0,1 cup (240g)
grilled fish,140,25.0,0.0,4.0,100g
prawns curry,160,18.0,6.0,7.0,1 cup (240g)
mutton curry,310,25.0,5.0,21.0,1 cup (240g)
oats cooked,150,5.0,27.0,3.0,1 cup (234g)
cornflakes,101,1.8,24.0,0.1,1 cup (28g)
white bread,79,2.7,14.9,0.9,1 slice (28g)
whole wheat bread,81,3.6,13.8,1.1,1 slice (28g)
brown bread,69,3.5,11.6,0.9,1 slice (25g)
multigrain bread,85,4.0,15.0,1.5,1 slice (30g)
pasta cooked,131,5.0,25.0,1.1,1 cup (140g)
spaghetti cooked,158,5.8,30.6,0.9,1 cup (140g)
quinoa cooked,222,8.1,39.4,3.6,1 cup (185g)
couscous cooked,176,6.0,36.5,0.3,1 cup (157g)
sweet potato baked,112,2.1,26.2,0.1,1 medium (130g)
potato baked,161,4.3,36.6,0.2,1 medium (173g)
broccoli,55,3.7,11.2,0.6,1 cup (156g)
spinach raw,7,0.9,1.1,0.1,1 cup (30g)
spinach cooked,41,5.4,6.8,0.5,1 cup (180g)
carrot,25,0.6,6.0,0.1,1 medium (61g)
tomato,22,1.1,4.8,0.2,1 medium (123g)
cucumber,16,0.7,3.6,0.1,1 cup sliced (119g)
bell pepper,31,1.0,7.0,0.3,1 medium (119g)
onion,44,1.2,10.3,0.1,1 medium (110g)
green beans,31,1.8,7.0,0.1,1 cup (100g)
cauliflower,25,2.0,5.0,0.1,1 cup (100g)
mushrooms,15,2.2,2.3,0.2,1 cup (70g)
orange,62,1.2,15.4,0.2,1 medium (131g)
mango,99,1.4,24.7,0.6,1 cup diced (165g)
grapes,104,1.1,27.3,0.2,1 cup (151g)
watermelon,46,0.9,11.5,0.2,1 cup diced (152g)
papaya,62,0.7,15.7,0.4,1 cup diced (145g)
pineapple,82,0.9,21.6,0.2,1 cup diced (165g)
strawberries,49,1.0,11.7,0.5,1 cup (152g)
blueberries,84,1.1,21.4,0.5,1 cup (148g)
almonds,164,6.0,6.1,14.2,1 oz / 23 nuts (28g)
cashews,157,5.2,8.6,12.4,1 oz / 18 nuts (28g)
walnuts,185,4.3,3.9,18.5,1 oz / 14 halves (28g)
peanuts,161,7.3,4.6,14.0,1 oz (28g)
peanut butter,96,3.6,3.6,8.2,1 tbsp (16g)
chickpeas cooked,269,14.5,45.0,4.2,1 cup (164g)
black beans cooked,227,15.2,40.8,0.9,1 cup (172g)
lentils cooked,230,17.9,39.9,0.8,1 cup (198g)
tofu,94,10.0,2.3,6.0,100g
greek yogurt plain,100,17.0,6.0,0.7,3/4 cup (170g)
cottage cheese,163,28.0,6.2,2.3,1 cup (226g)
cheddar cheese,113,7.0,0.4,9.3,1 oz (28g)
mozzarella cheese,85,6.3,0.6,6.3,1 oz (28g)
butter,102,0.1,0.0,11.5,1 tbsp (14g)
olive oil,119,0.0,0.0,13.5,1 tbsp (14ml)
coconut oil,121,0.0,0.0,13.5,1 tbsp (14g)
avocado,234,2.9,12.5,21.4,1 medium (150g)
hummus,166,7.9,14.3,9.6,1/4 cup (60g)
cheese pizza,285,12.2,35.6,10.4,1 slice (107g)
beef burger,354,20.0,30.0,17.0,1 burger (140g)
french fries,365,3.4,48.0,17.0,1 medium (117g)
vegetable sandwich,280,10.0,42.0,8.0,1 sandwich (200g)
chicken wrap,350,22.0,38.0,12.0,1 wrap (200g)
mixed green salad,33,2.4,6.3,0.3,2 cups (100g)
caesar salad,184,10.0,8.0,13.0,1 serving (150g)
tomato soup,74,2.0,16.0,0.7,1 cup (248g)
chicken soup,86,6.0,8.6,2.9,1 cup (240g)
fried rice,228,5.4,32.0,9.0,1 cup (166g)
noodles cooked,220,7.3,40.3,3.3,1 cup (160g)
hakka noodles,270,8.0,38.0,10.0,1 cup (200g)
vegetable manchurian,240,6.0,30.0,11.0,1 cup (180g)
spring roll,140,3.5,18.0,6.0,1 roll (50g)
steamed momos,180,7.0,28.0,4.0,5 pieces (100g)
fried momos,280,8.0,30.0,14.0,5 pieces (100g)
milk chocolate bar,235,3.2,26.0,13.0,1 bar (43g)
vanilla ice cream,137,2.3,15.6,7.3,1/2 cup (66g)
gulab jamun,175,3.0,28.0,6.0,1 piece (40g)
jalebi,150,1.5,28.0,4.0,1 piece (35g)
besan ladoo,180,3.5,25.0,7.5,1 piece (40g)
milk barfi,150,4.0,20.0,6.0,1 piece (35g)
kheer,190,5.0,28.0,6.5,1 cup (240g)
rasgulla,106,1.8,23.0,0.5,1 piece (50g)
rasmalai,186,6.0,24.0,7.5,1 piece (75g)
black coffee,2,0.3,0.0,0.0,1 cup (240ml)
black tea,2,0.0,0.7,0.0,1 cup (240ml)
masala chai,90,1.8,16.0,1.5,1 cup (240ml)
green tea,2,0.2,0.0,0.0,1 cup (240ml)
orange juice,112,1.7,25.8,0.5,1 cup (248ml)
apple juice,114,0.1,28.0,0.3,1 cup (248ml)
cola soda,140,0.0,39.0,0.0,12 oz can (355ml)
protein shake,120,20.0,3.0,2.5,1 scoop (30g)
grilled salmon,206,22.0,0.0,12.0,100g
tuna canned in water,99,22.0,0.0,0.7,100g
shrimp cooked,99,24.0,0.2,0.3,100g
bacon,43,3.0,0.1,3.3,1 slice (8g)
pork sausage,301,12.0,1.0,27.0,100g
ham sliced,145,21.0,1.5,5.5,100g
turkey breast,135,30.0,0.0,0.7,100g
beef steak,271,25.0,0.0,19.0,100g
ground beef cooked,250,26.0,0.0,15.0,100g
lamb chop,294,25.0,0.0,21.0,100g
pork chop,231,25.0,0.0,14.0,100g
duck meat,337,19.0,0.0,28.0,100g
scrambled eggs,149,10.0,2.2,11.0,2 large eggs (100g)
omelet,154,10.6,1.2,11.7,2 large eggs (100g)
egg white,17,3.6,0.2,0.1,1 large (33g)
bagel plain,289,11.0,56.0,2.1,1 bagel (105g)
croissant,231,4.7,26.0,12.0,1 medium (57g)
blueberry muffin,313,5.0,54.0,9.0,1 muffin (113g)
pancakes,227,6.0,28.0,10.0,2 pancakes (130g)
waffles,218,6.0,25.0,11.0,1 waffle (75g)
french toast,149,5.0,16.0,7.0,1 slice (65g)
granola,471,11.0,64.0,20.0,1 cup (122g)
sweetened cereal,147,2.0,33.0,1.5,1 cup (40g)
protein bar,200,20.0,22.0,6.0,1 bar (60g)
energy bar,230,9.0,45.0,4.0,1 bar (65g)
granola bar,120,2.0,20.0,4.0,1 bar (28g)
saltine crackers,62,1.3,10.6,1.6,5 crackers (15g)
pretzels,108,2.6,22.5,0.8,1 oz (28g)
air popped popcorn,31,1.0,6.2,0.4,1 cup (8g)
buttered popcorn,91,1.4,7.0,6.8,1 cup (14g)
potato chips,152,2.0,15.0,10.0,1 oz (28g)
tortilla chips,142,2.2,18.0,7.3,1 oz (28g)
nachos with cheese,346,9.0,36.0,19.0,1 serving (113g)
beef taco,226,9.4,20.0,11.7,1 taco (102g)
chicken burrito,450,23.0,50.0,16.0,1 burrito (230g)
quesadilla,529,27.0,39.0,29.0,1 quesadilla (200g)
chicken enchilada,323,12.0,30.0,18.0,1 enchilada (163g)
falafel,333,13.3,31.8,17.8,100g
shawarma wrap,350,25.0,28.0,15.0,1 wrap (250g)
chicken kebab,280,24.0,8.0,17.0,1 serving (150g)
lamb gyro,593,29.0,57.0,27.0,1 gyro (300g)
salmon sushi roll,225,10.0,37.0,3.5,6 pieces (140g)
tuna sushi roll,184,14.0,27.0,2.0,6 pieces (130g)
sashimi,132,25.0,0.0,3.0,100g
ramen bowl,436,19.0,54.0,16.0,1 bowl (400g)
pad thai,384,16.0,48.0,14.0,1 serving (300g)
pho bowl,350,20.0,50.0,6.0,1 bowl (500g)
fried chicken piece,320,22.0,16.0,18.0,1 piece (120g)
chicken nuggets,280,15.0,16.0,18.0,6 pieces (100g)
chicken wings,203,16.0,0.0,14.6,100g
fish and chips,585,32.0,48.0,28.0,1 serving (350g)
hot dog,314,11.0,24.0,18.0,1 hot dog (120g)
mac and cheese,310,11.0,40.0,11.0,1 cup (200g)
lasagna,377,23.0,34.0,16.0,1 piece (215g)
ravioli,220,11.0,32.0,5.5,1 cup (244g)
spaghetti bolognese,288,16.0,38.0,8.0,1 serving (300g)
carbonara pasta,390,18.0,35.0,19.0,1 serving (280g)
alfredo pasta,520,16.0,47.0,29.0,1 serving (300g)
risotto,200,4.5,28.0,7.0,1 cup (175g)
paella,350,20.0,42.0,12.0,1 serving (300g)
coleslaw,150,1.0,13.0,11.0,1 cup (120g)
potato salad,357,6.7,28.0,24.0,1 cup (250g)
baked beans,155,6.0,29.0,0.5,1/2 cup (127g)
corn on the cob,90,3.3,19.0,1.4,1 ear (90g)
mashed potatoes,237,4.0,35.0,9.0,1 cup (210g)
onion rings,276,3.7,31.0,16.0,8-9 rings (90g)
kiwi,61,1.1,15.0,0.5,1 medium (75g)
pear,101,0.6,27.0,0.2,1 medium (178g)
peach,59,1.4,14.3,0.4,1 medium (150g)
plum,30,0.5,7.5,0.2,1 medium (66g)
cherries,87,1.5,22.0,0.3,1 cup (138g)
pomegranate,234,4.7,52.7,3.3,1 medium (282g)
guava,37,1.4,7.9,0.5,1 fruit (55g)
lychee,66,0.8,16.5,0.4,1 cup (190g)
dates,66,0.4,18.0,0.0,1 date (24g)
raisins,129,1.4,34.0,0.2,1/4 cup (41g)
dried apricots,78,1.1,20.0,0.2,1/4 cup (33g)
pistachios,159,5.7,7.7,12.9,1 oz / 49 nuts (28g)
pecans,196,2.6,3.9,20.4,1 oz / 19 halves (28g)
hazelnuts,178,4.2,4.7,17.2,1 oz / 21 nuts (28g)
macadamia nuts,204,2.2,3.9,21.5,1 oz / 10-12 nuts (28g)
sunflower seeds,165,5.5,6.8,14.0,1 oz (28g)
pumpkin seeds,151,7.0,5.0,13.0,1 oz (28g)
chia seeds,138,4.7,12.0,8.7,1 oz (28g)
flax seeds,150,5.1,8.1,12.0,1 oz (28g)
coconut fresh shredded,283,3.0,12.0,27.0,1 cup (80g)
coconut milk,445,4.6,6.4,48.0,1 cup (240ml)
almond milk,39,1.5,1.5,2.9,1 cup (240ml)
soy milk,109,8.4,8.9,4.5,1 cup (240ml)
oat milk,120,3.0,16.0,5.0,1 cup (240ml)
honey,64,0.1,17.3,0.0,1 tbsp (21g)
maple syrup,52,0.0,13.4,0.0,1 tbsp (20ml)
strawberry jam,56,0.1,13.8,0.0,1 tbsp (20g)
nutella,100,1.0,11.0,6.0,1 tbsp (19g)
mayonnaise,94,0.1,0.1,10.3,1 tbsp (14g)
ketchup,15,0.2,4.1,0.0,1 tbsp (17g)
mustard,10,0.6,1.0,0.6,1 tbsp (15g)
soy sauce,8,1.3,0.8,0.0,1 tbsp (16ml)
ranch dressing,73,0.4,1.4,7.7,1 tbsp (15ml)
balsamic vinegar,14,0.0,2.7,0.0,1 tbsp (15ml)
hot sauce,1,0.1,0.1,0.0,1 tsp (5ml)
brownie,227,3.0,36.0,9.0,1 piece (56g)
chocolate chip cookies,142,1.3,18.0,7.3,2 cookies (30g)
vanilla cake,270,3.0,42.0,10.0,1 slice (80g)
chocolate cake,352,5.0,51.0,14.0,1 slice (95g)
cheesecake,401,6.0,32.0,28.0,1 slice (125g)
tiramisu,240,4.5,28.0,12.0,1 serving (100g)
glazed donut,269,3.4,31.0,15.0,1 donut (60g)
apple pie,296,2.4,43.0,13.0,1 slice (125g)
pumpkin pie,316,7.0,41.0,14.0,1 slice (155g)
chocolate pudding,130,2.5,22.0,3.5,1/2 cup (113g)
custard,122,4.3,15.0,5.0,1/2 cup (135g)
jello,80,2.0,19.0,0.0,1/2 cup (135g)
dark chocolate,170,2.0,13.0,12.0,1 oz (28g)
milk chocolate,150,2.0,17.0,9.0,1 oz (28g)
white chocolate,151,2.0,17.0,9.0,1 oz (28g)
gummy bears,140,2.0,32.0,0.0,1 oz (28g)
lollipop,60,0.0,15.0,0.0,1 lollipop (15g)
cotton candy,105,0.0,28.0,0.0,1 oz (28g)
pani puri,120,2.5,18.0,4.5,6 pieces (100g)
bhel puri,180,4.0,28.0,6.0,1 cup (150g)
sev puri,210,4.5,25.0,10.0,1 serving (120g)
vada pav,290,6.0,42.0,11.0,1 piece (150g)
pav bhaji,310,8.0,45.0,12.0,1 serving (250g)
kachori,200,4.0,24.0,10.0,1 kachori (60g)
dhokla,160,5.0,28.0,3.5,4 pieces (100g)
khandvi,140,6.0,20.0,4.0,1 serving (100g)
thepla,95,2.5,14.0,3.5,1 thepla (40g)
undhiyu,180,4.5,22.0,9.0,1 cup (200g)
makki di roti,120,3.0,20.0,3.5,1 roti (60g)
sarson da saag,160,4.0,12.0,11.0,1 cup (200g)
appam,110,2.0,22.0,1.5,1 appam (60g)
puttu,130,2.5,27.0,1.0,1 serving (100g)
avial,120,3.0,15.0,6.0,1 cup (200g)
rasam,60,2.0,10.0,1.5,1 cup (240ml)
pongal,200,5.5,32.0,6.0,1 cup (200g)
uttapam,180,4.0,28.0,6.0,1 uttapam (120g)
macher jhol,220,22.0,8.0,12.0,1 cup (240g)
shorshe ilish,280,24.0,4.0,19.0,1 serving (150g)
mishti doi,180,5.0,28.0,5.5,1 cup (200g)
sandesh,140,5.0,20.0,4.5,1 piece (40g)
rogan josh,340,26.0,8.0,23.0,1 cup (240g)
chicken tikka,200,26.0,3.0,9.0,1 serving (150g)
seekh kebab,260,20.0,4.0,18.0,1 serving (120g)
fish tikka,180,24.0,4.0,8.0,1 serving (150g)
paneer tikka,250,16.0,8.0,17.0,1 serving (150g)
kadai paneer,280,15.0,10.0,20.0,1 cup (240g)
shahi paneer,310,14.0,12.0,23.0,1 cup (240g)
matar paneer,250,13.0,15.0,16.0,1 cup (240g)
dal makhani,220,8.0,22.0,12.0,1 cup (240g)
dal tadka,130,7.0,18.0,4.0,1 cup (240g)
chana masala,240,9.0,30.0,10.0,1 cup (240g)
bhindi masala,140,3.0,16.0,7.5,1 cup (200g)
dum aloo,210,4.0,28.0,10.0,1 cup (200g)
jeera rice,190,3.5,36.0,4.0,1 cup (158g)
lemon rice,210,4.0,38.0,5.0,1 cup (180g)
curd rice,180,5.0,32.0,4.0,1 cup (200g)
chicken tikka masala,340,26.0,10.0,22.0,1 cup (240g)
chicken korma,320,24.0,12.0,20.0,1 cup (240g)
vindaloo curry,290,22.0,8.0,19.0,1 cup (240g)
egg bhurji,190,14.0,4.0,13.0,1 serving (150g)
anda paratha,280,12.0,32.0,12.0,1 paratha (140g)
cheese omelette,220,16.0,2.0,17.0,2 eggs (150g)
poached egg,71,6.2,0.4,4.7,1 large egg (50g)
fried egg,90,6.3,0.4,7.0,1 large egg (50g)
egg sandwich,290,14.0,28.0,13.0,1 sandwich (150g)
club sandwich,380,22.0,34.0,18.0,1 sandwich (250g)
grilled cheese sandwich,380,14.0,32.0,22.0,1 sandwich (130g)
blt sandwich,340,16.0,30.0,18.0,1 sandwich (180g)
tuna sandwich,320,20.0,32.0,12.0,1 sandwich (180g)
chicken sandwich,350,24.0,35.0,12.0,1 sandwich (200g)
panini,400,20.0,38.0,18.0,1 panini (220g)
sub sandwich,420,22.0,48.0,16.0,6 inch (200g)
french onion soup,190,9.0,15.0,11.0,1 cup (240g)
minestrone soup,110,4.5,19.0,2.0,1 cup (240g)
clam chowder,240,11.0,20.0,13.0,1 cup (240g)
lentil soup,140,8.0,23.0,2.0,1 cup (240g)
mushroom soup,150,3.0,12.0,10.0,1 cup (240g)
sweet corn soup,120,3.5,20.0,3.5,1 cup (240g)
hot and sour soup,95,5.0,12.0,3.0,1 cup (240g)
wonton soup,180,10.0,20.0,6.0,1 cup (240g)
miso soup,40,3.0,5.0,1.0,1 cup (240ml)
egg drop soup,65,4.0,8.0,2.0,1 cup (240g)
chow mein,320,10.0,42.0,13.0,1 cup (200g)
lo mein,350,12.0,48.0,13.0,1 cup (220g)
sweet and sour chicken,380,18.0,52.0,12.0,1 serving (300g)
orange chicken,490,20.0,58.0,20.0,1 serving (300g)
kung pao chicken,320,24.0,18.0,18.0,1 serving (250g)
general tso chicken,430,22.0,46.0,18.0,1 serving (300g)
beef and broccoli,280,22.0,16.0,15.0,1 serving (250g)
mongolian beef,350,24.0,28.0,16.0,1 serving (280g)
teriyaki chicken,280,28.0,24.0,8.0,1 serving (200g)
tempura,320,12.0,38.0,14.0,1 serving (150g)
udon noodles,190,5.0,38.0,1.5,1 cup (200g)
soba noodles,113,5.8,24.0,0.1,1 cup (114g)
edamame,120,11.0,10.0,5.0,1 cup (155g)
kimchi,23,2.0,4.0,0.5,1 cup (150g)
bibimbap,490,22.0,72.0,12.0,1 bowl (550g)
bulgogi,280,26.0,16.0,12.0,1 serving (200g)
korean fried chicken,380,24.0,28.0,20.0,1 serving (180g)
green curry,320,18.0,12.0,24.0,1 cup (240g)
red curry,340,20.0,14.0,25.0,1 cup (240g)
massaman curry,380,22.0,20.0,26.0,1 cup (240g)
tom yum soup,120,10.0,12.0,4.0,1 cup (240ml)
chicken satay,200,20.0,8.0,10.0,4 skewers (120g)
spring roll wrapper,30,1.0,6.0,0.2,1 wrapper (10g)
dumpling,40,2.0,5.0,1.5,1 dumpling (15g)
bao bun,220,7.0,38.0,4.5,1 bun (85g)
peking duck,360,20.0,8.0,28.0,1 serving (150g)
fortune cookie,30,0.3,7.0,0.2,1 cookie (8g)
baklava,245,3.5,32.0,13.0,1 piece (55g)
spanakopita,180,7.0,17.0,10.0,1 piece (85g)
moussaka,320,18.0,22.0,18.0,1 serving (250g)
tzatziki,60,2.0,4.0,4.0,1/4 cup (60g)
baba ganoush,90,2.0,8.0,6.0,1/4 cup (60g)
tabouleh,120,3.0,16.0,5.0,1 cup (160g)
beef empanada,280,10.0,28.0,14.0,1 empanada (120g)
chicken empanada,250,12.0,26.0,12.0,1 empanada (110g)
corn dog,330,10.0,37.0,16.0,1 corn dog (175g)
fish tacos,350,20.0,32.0,15.0,2 tacos (200g)
shrimp tacos,320,18.0,30.0,13.0,2 tacos (180g)
carne asada,285,26.0,2.0,19.0,1 serving (150g)
chimichanga,580,20.0,58.0,28.0,1 chimichanga (250g)
tostada,210,9.0,22.0,10.0,1 tostada (90g)
pupusa,250,8.0,34.0,9.0,1 pupusa (100g)
tamale,285,11.0,28.0,15.0,1 tamale (140g)
pozole,220,15.0,26.0,6.0,1 cup (240g)
elote,190,5.0,25.0,9.0,1 ear (150g)
guacamole,120,1.5,8.0,10.0,1/4 cup (60g)
salsa,20,0.5,4.0,0.2,1/4 cup (60g)
pico de gallo,15,0.5,3.0,0.1,1/4 cup (60g)
refried beans,120,7.0,20.0,2.0,1/2 cup (120g)
spanish rice,200,4.0,40.0,3.0,1 cup (180g)
tres leches cake,340,7.0,48.0,14.0,1 slice (120g)
flan,220,6.0,36.0,6.0,1 serving (120g)
churros,240,3.0,30.0,12.0,2 churros (60g)
sopapilla,200,3.0,28.0,8.0,1 sopapilla (60g)
arroz con leche,190,5.0,32.0,4.5,1 cup (200g)
empanada dough,180,4.0,28.0,6.0,1 piece (70g)
sourdough bread,120,4.0,23.0,1.0,1 slice (50g)
rye bread,83,2.7,15.5,1.1,1 slice (32g)
baguette,140,5.0,28.0,0.8,2 oz slice (56g)
pita bread,165,5.5,33.4,0.7,1 pita (60g)
tortilla flour,150,4.0,25.0,3.5,1 tortilla (45g)
tortilla corn,52,1.4,11.0,0.7,1 tortilla (24g)
ramen noodles dry,380,10.0,52.0,14.0,1 package (85g)
egg noodles,221,7.3,40.3,3.3,1 cup (160g)
rice noodles,192,1.6,44.0,0.4,1 cup (176g)
glass noodles,160,0.1,39.0,0.0,1 cup (140g)
angel hair pasta,200,7.0,42.0,1.0,2 oz dry (56g)
penne pasta,200,7.0,42.0,1.0,2 oz dry (56g)
fettuccine,200,7.0,42.0,1.0,2 oz dry (56g)
rotini pasta,200,7.0,42.0,1.0,2 oz dry (56g)
orzo pasta,200,7.0,42.0,1.0,2 oz dry (56g)
macaroni,200,7.0,42.0,1.0,2 oz dry (56g)
barley cooked,193,3.5,44.3,0.7,1 cup (157g)
bulgur wheat cooked,151,5.6,33.8,0.4,1 cup (182g)
millet cooked,207,6.1,41.2,1.7,1 cup (174g)
buckwheat cooked,155,5.7,33.5,1.0,1 cup (168g)
wild rice cooked,166,6.5,35.0,0.6,1 cup (164g)
jasmine rice cooked,205,4.2,45.0,0.4,1 cup (158g)
basmati rice cooked,191,4.0,41.5,0.5,1 cup (154g)
arborio rice cooked,242,4.4,53.2,0.4,1 cup (186g)
sushi rice,130,2.4,28.7,0.2,1/2 cup (100g)
polenta cooked,70,1.6,15.0,0.5,1 cup (240g)
grits cooked,71,1.7,15.6,0.2,1/2 cup (121g)
cream of wheat,126,3.6,26.3,0.5,1 cup (241g)
instant oatmeal,158,5.3,27.0,3.2,1 packet (43g)
steel cut oats,150,5.0,27.0,2.5,1/4 cup dry (40g)
oat bran,88,7.0,25.0,1.9,1 cup (219g)
wheat bran,63,4.5,18.3,1.3,1 cup (58g)
wheat germ,52,3.3,7.5,1.4,2 tbsp (14g)
bran flakes,96,3.1,24.2,0.7,3/4 cup (29g)
cheerios,100,3.0,20.0,2.0,1 cup (28g)
rice krispies,100,2.0,23.0,0.0,1 cup (28g)
frosted flakes,110,1.0,27.0,0.0,3/4 cup (29g)
fruit loops,110,1.0,26.0,1.0,1 cup (29g)
lucky charms,110,2.0,22.0,1.0,3/4 cup (27g)
cocoa puffs,103,1.0,23.0,1.0,3/4 cup (27g)
grape nuts,200,6.0,47.0,1.0,1/2 cup (58g)
muesli,289,8.0,60.0,4.5,3/4 cup (85g)
all bran cereal,80,4.0,23.0,1.0,1/2 cup (31g)
kale raw,8,0.6,1.4,0.2,1 cup (21g)
kale cooked,42,2.5,6.3,0.9,1 cup (130g)
arugula,5,0.5,0.7,0.1,1 cup (20g)
romaine lettuce,8,0.6,1.5,0.1,1 cup (47g)
iceberg lettuce,10,0.6,2.1,0.1,1 cup (72g)
cabbage,22,1.1,5.2,0.1,1 cup (89g)
red cabbage,28,1.3,6.6,0.1,1 cup (89g)
brussels sprouts,38,3.0,8.0,0.3,1 cup (88g)
asparagus,27,3.0,5.2,0.2,1 cup (134g)
zucchini,20,1.5,3.9,0.4,1 cup (124g)
eggplant,35,1.4,8.6,0.2,1 cup (99g)
okra,33,2.0,7.5,0.2,1 cup (100g)
radish,19,0.8,4.0,0.1,1 cup (116g)
beets,58,2.2,13.0,0.2,1 cup (136g)
turnip,36,1.2,8.4,0.1,1 cup (156g)
parsnip,100,1.6,24.0,0.3,1 cup (133g)
butternut squash,63,1.4,16.4,0.1,1 cup (140g)
acorn squash,56,1.1,14.9,0.1,1 cup (140g)
spaghetti squash,42,1.0,10.0,0.4,1 cup (155g)
pumpkin,30,1.2,7.5,0.1,1 cup (116g)
artichoke,64,3.5,14.3,0.4,1 medium (120g)
leek,54,1.3,12.6,0.3,1 cup (89g)
shallot,72,2.5,16.8,0.1,100g
scallions,32,1.8,7.3,0.2,1 cup (100g)
celery,14,0.7,3.0,0.2,1 cup (101g)
jicama,49,0.9,11.5,0.1,1 cup (130g)
water chestnuts,60,0.9,14.8,0.1,1/2 cup (62g)
bamboo shoots,27,2.5,5.2,0.3,1 cup (151g)
bean sprouts,31,3.2,6.2,0.2,1 cup (104g)
snow peas,41,2.7,7.4,0.2,1 cup (98g)
snap peas,41,2.8,7.4,0.2,1 cup (98g)
bok choy,13,1.5,2.2,0.2,1 cup (170g)
napa cabbage,13,1.2,2.4,0.2,1 cup (76g)
swiss chard,7,0.6,1.4,0.1,1 cup (36g)
collard greens,11,1.0,2.0,0.2,1 cup (36g)
mustard greens,15,1.6,2.7,0.2,1 cup (56g)
turnip greens,18,0.8,3.9,0.2,1 cup (55g)
watercress,4,0.8,0.4,0.0,1 cup (34g)
endive,8,0.6,1.7,0.1,1 cup (50g)
radicchio,9,0.6,1.8,0.1,1 cup (40g)
fennel,27,1.1,6.3,0.2,1 cup (87g)
kohlrabi,36,2.3,8.4,0.1,1 cup (135g)
rutabaga,50,1.5,11.4,0.2,1 cup (140g)
celeriac,42,1.5,9.2,0.3,1 cup (156g)
grapefruit,52,0.9,13.2,0.2,1/2 medium (123g)
cantaloupe,60,1.5,14.4,0.3,1 cup (177g)
honeydew melon,64,1.0,16.1,0.3,1 cup (177g)
cranberries,46,0.4,12.2,0.1,1 cup (100g)
raspberries,64,1.5,14.7,0.8,1 cup (123g)
blackberries,62,2.0,13.8,0.7,1 cup (144g)
gooseberries,66,1.3,15.3,0.9,1 cup (150g)
currants,63,1.6,15.5,0.2,1 cup (112g)
figs fresh,74,0.8,19.2,0.3,1 medium (50g)
prunes,100,0.9,26.6,0.2,4 prunes (40g)
dragon fruit,60,1.2,13.0,0.4,100g
passion fruit,97,2.2,23.4,0.7,100g
star fruit,31,1.0,6.7,0.3,1 medium (91g)
persimmon,118,1.0,31.2,0.3,1 medium (168g)
jackfruit,94,1.4,23.5,0.3,100g
durian,147,1.5,27.1,5.3,100g
loquat,47,0.4,12.1,0.2,100g
tangerine,53,0.8,13.3,0.3,1 medium (88g)
clementine,35,0.6,8.9,0.1,1 medium (74g)
kumquat,71,1.9,15.9,0.9,100g
lime,20,0.5,7.1,0.1,1 lime (67g)
lemon,17,0.6,5.4,0.2,1 lemon (58g)
coconut water,46,1.7,8.9,0.5,1 cup (240ml)
coconut cream,330,3.6,6.6,36.0,1/4 cup (60g)
brazil nuts,186,4.1,3.5,18.8,1 oz / 6 nuts (28g)
pine nuts,191,3.9,3.7,19.4,1 oz (28g)
coconut dried,187,1.8,6.7,18.3,1 oz (28g)
tahini,89,2.6,3.2,8.0,1 tbsp (15g)
almond butter,98,3.4,3.0,8.9,1 tbsp (16g)
cashew butter,94,2.8,4.4,7.9,1 tbsp (16g)
sunflower butter,99,3.1,4.2,8.5,1 tbsp (16g)
sesame seeds,160,5.0,6.6,13.9,1 oz (28g)
poppy seeds,151,5.2,6.9,13.0,1 oz (28g)
hemp seeds,166,9.5,2.6,14.6,1 oz (28g)
kidney beans cooked,225,15.3,40.4,0.9,1 cup (177g)
pinto beans cooked,245,15.4,44.8,1.1,1 cup (171g)
navy beans cooked,255,15.0,47.4,1.1,1 cup (182g)
lima beans cooked,216,14.7,39.3,0.7,1 cup (188g)
black eyed peas cooked,198,13.3,35.5,0.9,1 cup (165g)
split peas cooked,231,16.3,41.4,0.8,1 cup (196g)
mung beans cooked,212,14.2,38.7,0.8,1 cup (202g)
adzuki beans cooked,294,17.3,57.0,0.2,1 cup (230g)
fava beans cooked,187,12.9,33.4,0.7,1 cup (170g)
cannellini beans cooked,225,15.4,40.4,0.9,1 cup (179g)
great northern beans,209,14.7,37.3,0.8,1 cup (177g)
soybeans cooked,254,22.2,14.4,11.5,1 cup (172g)
tempeh,193,18.5,9.3,10.8,100g
seitan,370,75.2,13.8,1.9,100g
veggie burger,124,11.0,10.0,4.4,1 patty (70g)
beyond burger,250,20.0,5.0,18.0,1 patty (113g)
impossible burger,240,19.0,9.0,14.0,1 patty (113g)
nutritional yeast,60,8.0,5.0,1.0,2 tbsp (10g)
sour cream,60,0.7,1.2,5.8,2 tbsp (28g)
cream cheese,99,2.2,1.6,9.9,1 oz (28g)
ricotta cheese,174,14.0,6.4,10.3,1/2 cup (124g)
feta cheese,75,4.0,1.2,6.0,1 oz (28g)
parmesan cheese,110,10.0,0.9,7.3,1 oz (28g)
blue cheese,100,6.1,0.7,8.1,1 oz (28g)
brie cheese,95,5.9,0.1,7.9,1 oz (28g)
goat cheese,103,6.1,0.3,8.5,1 oz (28g)
swiss cheese,106,7.6,1.5,7.8,1 oz (28g)
provolone cheese,100,7.3,0.6,7.6,1 oz (28g)
gouda cheese,101,7.1,0.6,7.8,1 oz (28g)
monterey jack cheese,106,6.9,0.2,8.6,1 oz (28g)
colby cheese,110,6.7,0.7,9.0,1 oz (28g)
pepper jack cheese,106,6.9,0.5,8.6,1 oz (28g)
american cheese,96,5.4,2.1,7.4,1 slice (21g)
heavy cream,51,0.4,0.4,5.4,1 tbsp (15ml)
half and half,20,0.4,0.6,1.7,1 tbsp (15ml)
whipped cream,8,0.1,0.4,0.7,1 tbsp (3g)
condensed milk,982,24.2,166.5,26.6,1 cup (306g)
evaporated milk,169,8.6,12.9,9.5,1/2 cup (126g)
buttermilk low fat,98,8.1,11.7,2.2,1 cup (245ml)
kefir,104,9.2,11.6,2.5,1 cup (243ml)
butter ghee clarified,112,0.0,0.0,12.7,1 tbsp (13g)
margarine,102,0.1,0.1,11.4,1 tbsp (14g)
vegetable oil,120,0.0,0.0,13.6,1 tbsp (14ml)
canola oil,124,0.0,0.0,14.0,1 tbsp (14ml)
sunflower oil,120,0.0,0.0,13.6,1 tbsp (14ml)
grapeseed oil,120,0.0,0.0,13.6,1 tbsp (14ml)
avocado oil,124,0.0,0.0,14.0,1 tbsp (14ml)
sesame oil,120,0.0,0.0,13.6,1 tbsp (14ml)
peanut oil,119,0.0,0.0,13.5,1 tbsp (14ml)
flaxseed oil,120,0.0,0.0,13.6,1 tbsp (14ml)
coconut oil virgin,117,0.0,0.0,13.6,1 tbsp (13g)
lard,115,0.0,0.0,12.8,1 tbsp (13g)
chicken fat,115,0.0,0.0,12.8,1 tbsp (13g)
duck fat,113,0.0,0.0,12.7,1 tbsp (13g)
beef tallow,115,0.0,0.0,12.8,1 tbsp (13g)
brown sugar,52,0.0,13.5,0.0,1 tbsp (12g)
white sugar,49,0.0,12.6,0.0,1 tbsp (12g)
powdered sugar,31,0.0,8.0,0.0,1 tbsp (8g)
corn syrup,62,0.0,17.0,0.0,1 tbsp (20g)
molasses,58,0.0,14.9,0.0,1 tbsp (20g)
agave nectar,60,0.0,16.0,0.0,1 tbsp (21g)
stevia,0,0.0,0.0,0.0,1 packet (1g)
splenda,3,0.0,1.0,0.0,1 packet (1g)
aspartame,0,0.0,0.0,0.0,1 packet (1g)
monk fruit sweetener,0,0.0,0.0,0.0,1 tsp (1g)
cocoa powder unsweetened,12,1.0,3.1,0.7,1 tbsp (5g)
chocolate syrup,52,0.5,12.2,0.2,1 tbsp (19g)
caramel sauce,103,0.3,16.0,4.4,2 tbsp (30g)
marshmallows,90,0.5,23.0,0.0,4 large (28g)
marshmallow fluff,40,0.0,10.0,0.0,2 tbsp (19g)
vanilla extract,37,0.0,0.5,0.0,1 tbsp (13ml)
almond extract,38,0.0,0.0,0.0,1 tsp (4ml)
peppermint extract,6,0.0,0.0,0.0,1/4 tsp (1ml)
cinnamon,6,0.1,2.1,0.0,1 tsp (3g)
nutmeg,12,0.1,1.1,0.8,1 tsp (2g)
ginger ground,6,0.2,1.3,0.1,1 tsp (2g)
turmeric,8,0.2,1.4,0.2,1 tsp (3g)
cumin,8,0.4,0.9,0.5,1 tsp (2g)
coriander,5,0.2,1.0,0.3,1 tsp (2g)
paprika,6,0.3,1.2,0.3,1 tsp (2g)
chili powder,8,0.3,1.4,0.4,1 tsp (3g)
cayenne pepper,6,0.2,1.0,0.3,1 tsp (2g)
black pepper,6,0.2,1.5,0.1,1 tsp (2g)
garlic powder,10,0.5,2.3,0.0,1 tsp (3g)
onion powder,8,0.2,1.9,0.0,1 tsp (2g)
oregano,5,0.2,1.0,0.2,1 tsp (1g)
basil dried,5,0.3,0.9,0.1,1 tsp (1g)
thyme,4,0.1,0.9,0.1,1 tsp (1g)
rosemary,4,0.1,0.8,0.2,1 tsp (1g)
sage,3,0.1,0.6,0.1,1 tsp (1g)
parsley dried,4,0.3,0.6,0.1,1 tsp (0.5g)
dill dried,3,0.2,0.6,0.0,1 tsp (1g)
bay leaf,3,0.1,0.7,0.1,1 leaf (0.6g)
cloves,6,0.1,1.3,0.4,1 tsp (2g)
cardamom,6,0.2,1.4,0.1,1 tsp (2g)
fennel seeds,7,0.3,1.0,0.3,1 tsp (2g)
mustard seeds,15,0.8,1.2,1.0,1 tsp (3g)
fenugreek,12,0.9,2.2,0.2,1 tsp (4g)
curry powder,7,0.3,1.2,0.3,1 tsp (2g)
garam masala,8,0.3,1.4,0.3,1 tsp (2g)
italian seasoning,3,0.1,0.7,0.1,1 tsp (1g)
herbs de provence,3,0.1,0.6,0.1,1 tsp (1g)
za atar,5,0.2,1.0,0.2,1 tsp (2g)
chinese five spice,6,0.2,1.4,0.2,1 tsp (2g)
sriracha sauce,5,0.2,1.0,0.1,1 tsp (5ml)
tabasco sauce,1,0.0,0.0,0.0,1 tsp (5ml)
worcestershire sauce,4,0.0,1.0,0.0,1 tsp (5ml)
fish sauce,6,0.9,0.7,0.0,1 tsp (6ml)
oyster sauce,9,0.3,2.1,0.0,1 tbsp (18ml)
hoisin sauce,35,0.5,7.1,0.5,1 tbsp (16g)
teriyaki sauce,15,1.0,3.0,0.0,1 tbsp (18ml)
bbq sauce,29,0.3,7.0,0.1,1 tbsp (17g)